folder,id,display_name,description,type,units,domain,labels,calculation,commonly_used,forms
Administrative,subjectid,Public Subject Identifier,,identifier,,,,,TRUE,
Sociodemographics,age,Age at time of study visit,,integer,years,,,,TRUE,
Sociodemographics,gender,Male or Female,,choices,,sex,,,TRUE,
Sociodemographics,race,Race,,choices,,race,,,TRUE,
Administrative/Study Design,group,"Narcolepsy (Clinical), Healthy Subjects (Control), or Other (Other Sleep Disorder)",,choices,,group,,,TRUE,
Medical History/Medications,ssriuse,Was subject on SSRI?,,choices,,ssri,,,,
Sleep and Circadian Studies/Polysomnography/Sleep Electroencephalogram (EEG)/Sleep Architecture,psgtib,Total In-Bed Period: the interval between lights out/in-bed time and lights off/out-bed time from type I polysomnography,"In-bed period is the interval between lights off/in-bed time and lights on/out-bed time (i.e. time in bed, TIB). ",numeric,minutes (mins),,ttlprdbd_f1t1;tib,,,
Sleep and Circadian Studies/Polysomnography/Sleep Electroencephalogram (EEG)/Sleep Architecture,psg_sp,Total sleep period: the time between sleep onset and end of sleep including any wake time from type I polysomnography,,numeric,minutes (mins),,ttlprdsp_f1t1,,,
Sleep and Circadian Studies/Polysomnography/Sleep Electroencephalogram (EEG)/Sleep Architecture,psg_tstmin,Total Sleep Duration: the interval between sleep onset and sleep offset while the participant is asleep from type I polysomnography,"Conventionally, this would be called total sleep time (TST) (i.e. total time spent in stage 1 or greater).",numeric,minutes (mins),,ttldursp_f1t1;tst,,,
Sleep and Circadian Studies/Polysomnography/Sleep Electroencephalogram (EEG)/Sleep Architecture,psg_waso,Wake After Sleep Onset: the total duration being awake between sleep onset and lights-on/out-bed time from type I polysomnography,Total amount of time spent awake after going to sleep [(time in bed) - (sleep latency) - (Total Sleep Time (TST))],numeric,minutes (mins),,ttldurws_f1t1;waso,,,
Sleep and Circadian Studies/Polysomnography/Sleep Electroencephalogram (EEG)/Sleep Architecture,psg_se,Sleep Efficiency: the ratio of sleep duration (i.e. total sleep time) to in-bed period from type I polysomnography,"Sleep duration is the interval between sleep onset time and lights on/out-bed time while asleep (i.e. total sleep time, TST), while in-bed period is the interval between lights off/in-bed time and lights on/out-bed time (i.e. time in bed, TIB).",numeric,percent (%),,ttleffbd_f1t1,psg_TSTmin/psg TIB,,
Sleep and Circadian Studies/Polysomnography/Sleep Electroencephalogram (EEG)/Sleep Architecture,psg_sol,Sleep Latency: the interval between lights-out/in-bed time and sleep onset time from type I polysomnography,,numeric,minutes (mins),,ttllatsp_f1t1,,,
Sleep and Circadian Studies/Polysomnography/Sleep Electroencephalogram (EEG)/Sleep Architecture,psg_remlat,REM Sleep Latency: the interval between the first sleep epoch and REM sleep from type I polysomnography,,numeric,minutes (mins),,ttlprdsp_s1sr_f1t1,,,
Sleep and Circadian Studies/Polysomnography/Sleep Electroencephalogram (EEG)/Sleep Architecture,nsoremp,REM Sleep Latency < 15 minutes: the interval between the first sleep epoch and REM sleep including wake is under 15 minutes from type I polysomnography,,choices,,rem,ttlprdsp_s1sr_f1t1,,,
Sleep and Circadian Studies/Polysomnography/Sleep Electroencephalogram (EEG)/Sleep Architecture,n1perc,Percentage of total sleep duration in Stage 1 from type I polysomnography,Total Sleep Duration: the interval between sleep onset and sleep offset while the participant is asleep from type I polysomnography,numeric,percent (%),,pctdursp_s1_f1t1,,,
Sleep and Circadian Studies/Polysomnography/Sleep Electroencephalogram (EEG)/Sleep Architecture,n2perc,Percentage of total sleep duration in Stage 2 from type I polysomnography,Total Sleep Duration: the interval between sleep onset and sleep offset while the participant is asleep from type I polysomnography,numeric,percent (%),,pctdursp_s2_f1t1,,,
Sleep and Circadian Studies/Polysomnography/Sleep Electroencephalogram (EEG)/Sleep Architecture,n3perc,Percentage of total sleep duration in Stage 3 and 4 from type I polysomnography,Total Sleep Duration: the interval between sleep onset and sleep offset while the participant is asleep from type I polysomnography,numeric,percent (%),,pctdursp_s3_f1t1,,,
Sleep and Circadian Studies/Polysomnography/Sleep Electroencephalogram (EEG)/Sleep Architecture,remperc,Percentage of total sleep duration in REM from type I polysomnography,Total Sleep Duration: the interval between sleep onset and sleep offset while the participant is asleep from type I polysomnography,numeric,percent (%),,pctdursp_sr_f1t1,,,
Sleep and Circadian Studies/Polysomnography/Sleep Electroencephalogram (EEG)/Sleep Architecture,rem_duration,Total duration of REM sleep from type I polysomnography,,numeric,minutes (mins),,ttldursp_sr_f1t1,,,
Sleep and Circadian Studies/Polysomnography/Sleep Electroencephalogram (EEG)/Arousals,arousalIndex,Arousal Index: Number of arousals per hour of sleep from type I polysomnography,,numeric,number of events per hour,,phrnumar_f1t1,,,
Sleep and Circadian Studies/Polysomnography/Limb Movements,plmsi,Number of periodic limb movements per hour from type I polysomnography,,numeric,number of events per hour,,phrnumpl_f1t1,,,
Sleep and Circadian Studies/Polysomnography/Sleep Disordered Breathing/Apnea-Hypopnea Frequency Indices,obahi,Apnea-Hypopnea Index : (Apneas with no oxygen desaturation threshold used and with or without arousal+ hypopneas with > 50% flow reduction and >= 3% oxygen desaturation or with arousal) / hour of sleep from type I polysomnography,"The definition of hypopnea events is consistent with the American Academy of Sleep Medicine (AASM) 2007 Manual (pediatric). [Iber C et al. The AASM manual for the scoring of sleep and associated events: rules, terminology and technical specifications. Vol. 1. Westchester, IL: American Academy of Sleep Medicine, 2007] <br><br> [Search for all AHI variables consistent with the clinical guidelines within this dataset]( https://sleepdata.org/datasets/chat/variables?search=aasm07_pediatric)",numeric,number of events per hour,,ahi_ap0uhp5x3r_f1t1;aasm07_pediatric,,,
Sleep and Circadian Studies/Polysomnography/Sleep Electroencephalogram (EEG)/Arousals,number_wakings,psg Number of Wakings,,integer,number of events,,,,,
Sleep and Circadian Studies/Sleepiness and Vigilance Tests/Multiple Sleep Latency Test (MSLT) ,msltnaps,MSLT Number of Naps,"Variable from a Multiple Sleep Latency Test (MSLT), [Roehrs & Roth 1992 (PubMed ID: 1552009)](https://pubmed.ncbi.nlm.nih.gov/1552009/).<br><br>[Search for all Multiple Sleep Latency Test variables within this dataset](https://sleepdata.org/datasets/wsc/variables?search=mslt)",integer,number of events,,mslt,,,
Sleep and Circadian Studies/Sleepiness and Vigilance Tests/Multiple Sleep Latency Test (MSLT) ,mslmin,MSLT Mean Sleep Latency,"Variable from a Multiple Sleep Latency Test (MSLT), [Roehrs & Roth 1992 (PubMed ID: 1552009)](https://pubmed.ncbi.nlm.nih.gov/1552009/).<br><br>[Search for all Multiple Sleep Latency Test variables within this dataset](https://sleepdata.org/datasets/wsc/variables?search=mslt)",numeric,minutes (mins),,mslt,,,
Sleep and Circadian Studies/Sleepiness and Vigilance Tests/Multiple Sleep Latency Test (MSLT) ,msltnumbersoremps,MSLT Number of Sleep-Onset REM Period,"Variable from a Multiple Sleep Latency Test (MSLT), [Roehrs & Roth 1992 (PubMed ID: 1552009)](https://pubmed.ncbi.nlm.nih.gov/1552009/).<br><br>[Search for all Multiple Sleep Latency Test variables within this dataset](https://sleepdata.org/datasets/wsc/variables?search=mslt)",integer,number of events,,mslt,,,
Harmonized/Polysomnography/Sleep Architecture,nsrr_tib_f1,Total In-bed Period: the interval between lights off/in-bed time and lights on/out-bed time from polysomnography,"Harmonized by the NSRR team. Conventionally, this would be called time in bed (TIB) <br><br> Source: :psgtib : ",numeric,minutes (min),,ttlprdbd_f1t1;tib,,TRUE,
Harmonized/Polysomnography/Sleep Architecture,nsrr_tst_f1,Total Sleep Duration: the interval between sleep onset and sleep offset while the participant is asleep from polysomnography,"Conventionally, this would be called total sleep time (TST) (i.e. total time spent in stage 1 or greater).<br><br>Harmonized by the NSRR team. Source: :psg_tstmin:",numeric,minutes (min),,ttldursp_f1t1,,TRUE,
Harmonized/Polysomnography/Sleep Architecture,nsrr_waso_f1,Wake After Sleep Onset: the total duration being awake between sleep onset and lights-on/out-bed time from polysomnography,Harmonized by the NSRR team. Source: :psg_waso :,numeric,minutes (min),,ttldurws_f1t1;waso,,TRUE,
Harmonized/Polysomnography/Sleep Architecture,nsrr_ttleffsp_f1,"Sleep Efficiency: the ratio of total sleep duration (i.e., total sleep time) to in-bed period (i.e., time in bed) from polysomnography",Harmonized by the NSRR team. Source: :psg_se :,numeric,percent (%),,ttleffsp_f1t1,,TRUE,
Harmonized/Polysomnography/Sleep Architecture,nsrr_ttllatsp_f1,Sleep Latency: the interval between lights-out/in-bed time and sleep onset from polysomnography,Harmonized by the NSRR team. Source: :psg_sol :,integer,minutes (min),,ttllatsp_f1t1,,TRUE,
Harmonized/Polysomnography/Sleep Architecture,nsrr_pctdursp_s1,"Percentage of total sleep duration (i.e., total sleep time, TST) in stage 1 from polysomnography",Harmonized by the NSRR team. Source: :n1perc:,numeric,percent (%),,pctdursp_s1_f1t1,,TRUE,
Harmonized/Polysomnography/Sleep Architecture,nsrr_pctdursp_s2,"Percentage of total sleep duration (i.e., total sleep time, TST) in stage 2 from polysomnography",Harmonized by the NSRR team. Source: :n2perc:,numeric,percent (%),,pctdursp_s2_f1t1,,TRUE,
Harmonized/Polysomnography/Sleep Architecture,nsrr_pctdursp_s3,"Percentage of total sleep duration (i.e., total sleep time, TST) in stage 3/4 from polysomnography",Harmonized by the NSRR team. Source: :n3perc:,numeric,percent (%),,pctdursp_s3_f1t1,,TRUE,
Harmonized/Polysomnography/Sleep Architecture,nsrr_pctdursp_sr,"Percentage of total sleep duration (i.e., total sleep time, TST) in REM from polysomnography",Harmonized by the NSRR team. Source: :remperc:,numeric,percent (%),,pctdursp_sr_f1t1,,TRUE,
Harmonized/Polysomnography/Sleep Architecture,nsrr_ttldursp_sr,Total duration of REM sleep from type I polysomnography,Harmonized by the NSRR team. Source: :rem_duration:,numeric,minutes (mins),,ttldursp_sr_f1t1,,TRUE,
Harmonized/Polysomnography/Arousal,nsrr_phrnumar_f1,Arousal Index: Number of arousals per hour of sleep from polysomnography,Harmonized by the NSRR team. Source: :arousalIndex:,numeric,number of events per hour,,phrnumar_f1t1,,TRUE,
Harmonized/Polysomnography/Apnea-Hypopnea Indices,nsrr_ahi_hp3r_aasm07,Apnea-Hypopnea Index : (All apneas + hypopneas with >=50% nasal cannula [or alternative sensor] reduction and >= 3% oxygen desaturation or with arousal) / hour of sleep,"Harmonized by the NSRR team. <br><br>The definition of hypopnea events is consistent with the American Academy of Sleep Medicine (AASM) 2007 Manual (pediatric). [Iber C et al. The AASM manual for the scoring of sleep and associated events: rules, terminology and technical specifications. Vol. 1. Westchester, IL: American Academy of Sleep Medicine, 2007]<br><br>Refer to the source for detailed definition for respiratory events: :ahi_obahi:",numeric,number of events per hour,,ahi_ap0uhp5x3r_f1t1,,TRUE,